<application>
  <component name="GeneralSettings">
    <option name="confirmExit" value="false" />
  </component>
  <component name="Registry">
    <entry key="external.system.auto.import.disabled" value="true" />
    <entry key="ide.text.editor.with.preview.show.floating.toolbar" value="false" />
    <entry key="ide.experimental.ui" value="true" />
    <entry key="debugger.new.tool.window.layout" value="true" />
  </component>
  <component name="StatusBar">
    <option name="widgets">
      <map>
        <entry key="io.unthrottled.doki.ui.status.StatusBarFactory" value="false" />
      </map>
    </option>
  </component>
</application>